{
	"class_name" : "PinholeCameraParameters",
	"extrinsic" : 
	[
		1.0,
		-0.0,
		-0.0,
		0.0,
		0.0,
		-1.0,
		-0.0,
		0.0,
		0.0,
		-0.0,
		-1.0,
		0.0,
		-9.4056272389947004,
		44.496719519233352,
		85.029566563653646,
		1.0
	],
	"intrinsic" : 
	{
		"height" : 400,
		"intrinsic_matrix" : 
		[
			346.41016151377551,
			0.0,
			0.0,
			0.0,
			346.41016151377551,
			0.0,
			199.5,
			199.5,
			1.0
		],
		"width" : 400
	},
	"version_major" : 1,
	"version_minor" : 0
}