{
	"class_name" : "PinholeCameraParameters",
	"extrinsic" : 
	[
		0.90844956491624207,
		0.035069475697208218,
		0.41652073163026798,
		0.0,
		0.40567987175970266,
		-0.31406816396247661,
		-0.85836182932040406,
		0.0,
		0.10071360212266262,
		0.94875250737985506,
		-0.29954206730927829,
		0.0,
		-0.71094017943598997,
		1.932977834404678,
		117.88588103272761,
		1.0
	],
	"intrinsic" : 
	{
		"height" : 1025,
		"intrinsic_matrix" : 
		[
			887.67603887904966,
			0.0,
			0.0,
			0.0,
			887.67603887904966,
			0.0,
			926.0,
			512.0,
			1.0
		],
		"width" : 1853
	},
	"version_major" : 1,
	"version_minor" : 0
}