{
	"class_name" : "PinholeCameraParameters",
	"extrinsic" : 
	[
		-0.9584692234619,
		-0.24560363056034021,
		-0.14496759752414462,
		0.0,
		-0.20295023042746566,
		0.23025396119164343,
		0.9517322718732385,
		0.0,
		-0.20036953771913793,
		0.941627298888014,
		-0.27053664879842415,
		0.0,
		1.2720351028474643,
		4.9363500861244267,
		38.227188728976749,
		1.0
	],
	"intrinsic" : 
	{
		"height" : 1025,
		"intrinsic_matrix" : 
		[
			887.67603887904966,
			0.0,
			0.0,
			0.0,
			887.67603887904966,
			0.0,
			463.0,
			512.0,
			1.0
		],
		"width" : 927
	},
	"version_major" : 1,
	"version_minor" : 0
}